"find_id","specialist_id","year","speciality"
,,,
20812,1,,
20092,1,,
20148,1,,
20222,1,,
20223,1,,
20230,1,,
20231,1,,
20232,1,,
20233,1,,
20234,1,,
20235,1,,
20236,1,,
20237,1,,
20238,1,,
20239,1,,
20241,1,,
20242,1,,
20243,1,,
20245,1,,
20246,1,,
20247,1,,
20248,1,,
20793,1,,
20797,1,,
20798,1,,
20799,1,,
20800,1,,
20801,1,,
20802,1,,
20803,1,,
20804,1,,
20805,1,,
20806,1,,
20807,1,,
20808,1,,
20809,1,,
20810,1,,
20811,1,,
20813,1,,
20815,1,,
20817,1,,
20823,1,,
1940,2,,
2037,2,,
2042,2,,
3427,2,,
6175,2,,
28220,3,,
19315,4,,
20259,4,,
20271,4,,
20272,4,,
20273,4,,
20274,4,,
20288,4,,
20313,4,,
20796,4,,
21777,4,,
21778,4,,
21792,4,,
21798,4,,
21814,4,,
21828,4,,
21847,4,,
21848,4,,
21879,4,,
21881,4,,
21887,4,,
21888,4,,
21899,4,,
21906,4,,
21920,4,,
21937,4,,
21986,4,,
22011,4,,
22013,4,,
22016,4,,
22030,4,,
22034,4,,
22039,4,,
22058,4,,
22199,4,,
21695,4,,
5960,5,,
6874,5,,
13151,6,,
13510,6,,
13550,6,,
26509,8,,
5162,9,,
5165,9,,
5166,9,,
5207,9,,
5215,9,,
5239,9,,
5258,9,,
5266,9,,
5272,9,,
5285,9,,
5314,9,,
5368,9,,
5383,9,,
5384,9,,
5391,9,,
5401,9,,
5417,9,,
5451,9,,
5457,9,,
5468,9,,
5486,9,,
5524,9,,
5541,9,,
5543,9,,
5561,9,,
5582,9,,
5584,9,,
5590,9,,
5627,9,,
5636,9,,
5645,9,,
5652,9,,
5654,9,,
5658,9,,
5679,9,,
5681,9,,
5715,9,,
5729,9,,
5736,9,,
5742,9,,
5747,9,,
5762,9,,
5797,9,,
5799,9,,
5838,9,,
5841,9,,
5849,9,,
5853,9,,
5858,9,,
5866,9,,
5885,9,,
5892,9,,
5903,9,,
5932,9,,
5938,9,,
5956,9,,
5983,9,,
5985,9,,
6003,9,,
6009,9,,
6032,9,,
6034,9,,
6040,9,,
6053,9,,
6073,9,,
6083,9,,
6084,9,,
6103,9,,
6105,9,,
6118,9,,
6128,9,,
6130,9,,
6136,9,,
6140,9,,
6152,9,,
6159,9,,
6174,9,,
6189,9,,
6196,9,,
6201,9,,
6208,9,,
6214,9,,
6235,9,,
6239,9,,
6243,9,,
6262,9,,
6266,9,,
6277,9,,
6294,9,,
6295,9,,
6302,9,,
6318,9,,
6325,9,,
6326,9,,
6330,9,,
6338,9,,
6356,9,,
6374,9,,
6379,9,,
6384,9,,
6426,9,,
6432,9,,
6440,9,,
6448,9,,
6468,9,,
6495,9,,
6506,9,,
6532,9,,
6593,9,,
6618,9,,
6640,9,,
6642,9,,
6643,9,,
6645,9,,
6647,9,,
6656,9,,
6662,9,,
6670,9,,
6676,9,,
6677,9,,
6692,9,,
6695,9,,
6696,9,,
6718,9,,
6730,9,,
6778,9,,
6796,9,,
6807,9,,
6812,9,,
6818,9,,
6825,9,,
6838,9,,
6877,9,,
6878,9,,
6894,9,,
6923,9,,
6925,9,,
6927,9,,
6928,9,,
6936,9,,
6943,9,,
6956,9,,
6974,9,,
6981,9,,
7000,9,,
7015,9,,
7023,9,,
7024,9,,
7035,9,,
7042,9,,
7054,9,,
7063,9,,
7070,9,,
7083,9,,
7084,9,,
7115,9,,
7132,9,,
7144,9,,
7155,9,,
7166,9,,
7197,9,,
7203,9,,
7211,9,,
7219,9,,
7236,9,,
7243,9,,
7255,9,,
7272,9,,
7279,9,,
7287,9,,
7294,9,,
7317,9,,
7319,9,,
7320,9,,
7336,9,,
7364,9,,
7373,9,,
7389,9,,
7397,9,,
7412,9,,
7413,9,,
7415,9,,
7422,9,,
7450,9,,
7451,9,,
7457,9,,
7463,9,,
7555,9,,
7556,9,,
7562,9,,
7569,9,,
7596,9,,
7647,9,,
7691,9,,
7693,9,,
7704,9,,
7714,9,,
7715,9,,
7723,9,,
7724,9,,
7743,9,,
7793,9,,
7794,9,,
7797,9,,
7820,9,,
7842,9,,
7856,9,,
7871,9,,
7872,9,,
7873,9,,
7874,9,,
7875,9,,
7891,9,,
7903,9,,
7922,9,,
7954,9,,
7975,9,,
7978,9,,
7979,9,,
7983,9,,
7984,9,,
7985,9,,
7986,9,,
7987,9,,
7988,9,,
7989,9,,
7990,9,,
7991,9,,
7992,9,,
7994,9,,
7995,9,,
7996,9,,
7997,9,,
10538,9,,
10541,9,,
1055,10,,
1056,10,,
1057,10,,
1058,10,,
1059,10,,
1061,10,,
1064,10,,
1065,10,,
1066,10,,
1067,10,,
1068,10,,
1069,10,,
1070,10,,
1120,10,,
1176,10,,
1179,10,,
1246,10,,
1249,10,,
1253,10,,
1264,10,,
1267,10,,
1281,10,,
1863,10,,
1912,10,,
1947,10,,
2027,10,,
2262,10,,
2415,10,,
2538,10,,
3184,10,,
3452,10,,
4052,10,,
4065,10,,
4589,10,,
4590,10,,
4592,10,,
5209,10,,
5353,10,,
5362,10,,
5394,10,,
5534,10,,
5558,10,,
5569,10,,
5575,10,,
5661,10,,
5668,10,,
5726,10,,
5763,10,,
5781,10,,
5785,10,,
5894,10,,
5906,10,,
5907,10,,
5908,10,,
5961,10,,
5995,10,,
6024,10,,
6047,10,,
6066,10,,
6068,10,,
6114,10,,
6123,10,,
6166,10,,
6181,10,,
6226,10,,
6247,10,,
6311,10,,
6332,10,,
6370,10,,
6465,10,,
6480,10,,
6503,10,,
6524,10,,
6582,10,,
6587,10,,
6615,10,,
6686,10,,
6801,10,,
6859,10,,
6926,10,,
6934,10,,
6953,10,,
7044,10,,
7058,10,,
7205,10,,
7349,10,,
7371,10,,
7379,10,,
7448,10,,
7822,10,,
7926,10,,
7928,10,,
7944,10,,
7945,10,,
8564,10,,
8571,10,,
8662,10,,
8674,10,,
8787,10,,
8954,10,,
9102,10,,
9140,10,,
9256,10,,
9260,10,,
9323,10,,
9352,10,,
9358,10,,
9367,10,,
9391,10,,
9451,10,,
9457,10,,
9521,10,,
9580,10,,
9599,10,,
9645,10,,
9658,10,,
9721,10,,
9768,10,,
9787,10,,
9883,10,,
9923,10,,
9984,10,,
9985,10,,
9986,10,,
9987,10,,
10081,10,,
10119,10,,
10130,10,,
10135,10,,
10157,10,,
10168,10,,
10229,10,,
10232,10,,
10238,10,,
10290,10,,
10345,10,,
10409,10,,
10491,10,,
10554,10,,
10555,10,,
10576,10,,
10586,10,,
10633,10,,
10646,10,,
10667,10,,
10675,10,,
10779,10,,
10817,10,,
10848,10,,
10964,10,,
10992,10,,
11016,10,,
11159,10,,
11164,10,,
11181,10,,
11195,10,,
11205,10,,
11262,10,,
11270,10,,
11294,10,,
11308,10,,
11320,10,,
11334,10,,
11431,10,,
11448,10,,
11520,10,,
11534,10,,
11554,10,,
11578,10,,
11621,10,,
11631,10,,
11669,10,,
11679,10,,
11719,10,,
11722,10,,
11732,10,,
11800,10,,
11834,10,,
11863,10,,
11877,10,,
11912,10,,
11928,10,,
11994,10,,
12055,10,,
12105,10,,
12127,10,,
12151,10,,
12218,10,,
12272,10,,
12288,10,,
12305,10,,
12313,10,,
12344,10,,
12375,10,,
12463,10,,
12976,10,,
12977,10,,
12979,10,,
12980,10,,
13007,10,,
13012,10,,
13014,10,,
13038,10,,
13081,10,,
13090,10,,
13099,10,,
13106,10,,
13117,10,,
13131,10,,
13133,10,,
13302,10,,
13322,10,,
13397,10,,
13448,10,,
13452,10,,
13462,10,,
13481,10,,
13488,10,,
13493,10,,
13508,10,,
13511,10,,
13512,10,,
13519,10,,
13520,10,,
13540,10,,
13556,10,,
13566,10,,
13638,10,,
13654,10,,
13673,10,,
13744,10,,
13858,10,,
13894,10,,
13971,10,,
13980,10,,
13987,10,,
14008,10,,
14032,10,,
14065,10,,
14066,10,,
14096,10,,
14127,10,,
14159,10,,
14209,10,,
14261,10,,
14276,10,,
14277,10,,
14278,10,,
14280,10,,
14283,10,,
14296,10,,
14297,10,,
14298,10,,
14308,10,,
14312,10,,
14315,10,,
14371,10,,
14389,10,,
14401,10,,
14412,10,,
14430,10,,
14431,10,,
14434,10,,
14499,10,,
14509,10,,
14526,10,,
14540,10,,
14565,10,,
14596,10,,
14604,10,,
14607,10,,
14617,10,,
14624,10,,
14633,10,,
14663,10,,
14748,10,,
14757,10,,
14765,10,,
14793,10,,
14857,10,,
14886,10,,
14892,10,,
14909,10,,
14957,10,,
14958,10,,
14970,10,,
14980,10,,
14990,10,,
14993,10,,
15255,10,,
15264,10,,
15315,10,,
15328,10,,
15344,10,,
21382,10,,
21383,10,,
21384,10,,
21385,10,,
21386,10,,
21387,10,,
21388,10,,
21389,10,,
21390,10,,
21391,10,,
21392,10,,
21393,10,,
21394,10,,
21395,10,,
21396,10,,
21397,10,,
21398,10,,
21399,10,,
21400,10,,
21401,10,,
21402,10,,
21403,10,,
21404,10,,
21405,10,,
21406,10,,
21407,10,,
21408,10,,
21409,10,,
21410,10,,
21411,10,,
21412,10,,
21413,10,,
21414,10,,
21415,10,,
21416,10,,
21417,10,,
21418,10,,
21419,10,,
21420,10,,
21421,10,,
21422,10,,
21423,10,,
2235,10,2013,
2343,10,2014,
2721,10,2014,
2725,10,2014,
2742,10,2014,
2850,10,2014,
3352,10,2014,
5121,10,2014,
13010,10,,
27188,10,,
13379,10,,
13442,10,,
13589,10,,
13624,10,,
13809,10,,
13832,10,,
13860,10,,
13961,10,,
14046,10,,
14470,10,,
14489,10,,
14887,10,,
14932,10,,
14994,10,,
15236,10,,
15262,10,,
15304,10,,
4580,10,,
19209,11,2015,
15044,29,2014,
20225,12,,
20226,12,,
19214,12,,
19215,12,,
20224,12,,
357,13,,
358,13,,
359,13,,
360,13,,
361,13,,
362,13,,
363,13,,
364,13,,
365,13,,
366,13,,
367,13,,
368,13,,
369,13,,
370,13,,
371,13,,
372,13,,
373,13,,
374,13,,
375,13,,
376,13,,
377,13,,
378,13,,
379,13,,
380,13,,
381,13,,
382,13,,
383,13,,
384,13,,
385,13,,
386,13,,
387,13,,
388,13,,
389,13,,
390,13,,
391,13,,
392,13,,
393,13,,
394,13,,
395,13,,
396,13,,
397,13,,
398,13,,
399,13,,
400,13,,
401,13,,
402,13,,
403,13,,
404,13,,
405,13,,
406,13,,
407,13,,
408,13,,
409,13,,
410,13,,
411,13,,
412,13,,
413,13,,
414,13,,
415,13,,
416,13,,
417,13,,
418,13,,
419,13,,
421,13,,
422,13,,
424,13,,
425,13,,
426,13,,
427,13,,
428,13,,
429,13,,
433,13,,
434,13,,
435,13,,
436,13,,
437,13,,
438,13,,
486,13,,
487,13,,
491,13,,
545,13,,
546,13,,
547,13,,
548,13,,
549,13,,
550,13,,
551,13,,
552,13,,
553,13,,
554,13,,
555,13,,
556,13,,
557,13,,
558,13,,
559,13,,
722,13,,
723,13,,
724,13,,
725,13,,
726,13,,
727,13,,
728,13,,
729,13,,
730,13,,
731,13,,
732,13,,
733,13,,
734,13,,
735,13,,
736,13,,
737,13,,
738,13,,
739,13,,
740,13,,
741,13,,
742,13,,
743,13,,
744,13,,
745,13,,
746,13,,
747,13,,
748,13,,
749,13,,
750,13,,
751,13,,
753,13,,
757,13,,
759,13,,
760,13,,
762,13,,
763,13,,
764,13,,
1718,13,,
1721,13,,
1722,13,,
1724,13,,
1730,13,,
1731,13,,
1733,13,,
1736,13,,
1737,13,,
1742,13,,
1746,13,,
1748,13,,
1754,13,,
1758,13,,
1761,13,,
1764,13,,
1766,13,,
1767,13,,
1768,13,,
1770,13,,
1772,13,,
1778,13,,
3188,13,,
3458,13,,
4237,13,,
4423,13,,
4667,13,,
4668,13,,
4669,13,,
4670,13,,
4671,13,,
4672,13,,
4673,13,,
4674,13,,
4690,13,,
4691,13,,
4692,13,,
4699,13,,
4700,13,,
4701,13,,
4702,13,,
4703,13,,
4828,13,,
4829,13,,
5122,13,,
5123,13,,
5153,13,,
5172,13,,
5178,13,,
5214,13,,
5227,13,,
5235,13,,
5240,13,,
5243,13,,
5260,13,,
5270,13,,
5290,13,,
5293,13,,
5318,13,,
5333,13,,
5349,13,,
5354,13,,
5366,13,,
5371,13,,
5388,13,,
5395,13,,
5403,13,,
5407,13,,
5415,13,,
5442,13,,
5454,13,,
5479,13,,
5494,13,,
5495,13,,
5521,13,,
5523,13,,
5529,13,,
5535,13,,
5537,13,,
5555,13,,
5556,13,,
5580,13,,
5597,13,,
5641,13,,
5662,13,,
5666,13,,
5669,13,,
5671,13,,
5689,13,,
5701,13,,
5705,13,,
5706,13,,
5724,13,,
5753,13,,
5757,13,,
5774,13,,
5775,13,,
5788,13,,
5795,13,,
5801,13,,
5811,13,,
5836,13,,
5864,13,,
5871,13,,
5873,13,,
5880,13,,
5886,13,,
5895,13,,
5912,13,,
5915,13,,
5948,13,,
5964,13,,
5967,13,,
5982,13,,
5990,13,,
6001,13,,
6016,13,,
6037,13,,
6049,13,,
6063,13,,
6067,13,,
6078,13,,
6096,13,,
6110,13,,
6116,13,,
6124,13,,
6127,13,,
6171,13,,
6182,13,,
6183,13,,
6210,13,,
6218,13,,
6225,13,,
6227,13,,
6248,13,,
6269,13,,
6276,13,,
6281,13,,
6309,13,,
6333,13,,
6355,13,,
6360,13,,
6366,13,,
6394,13,,
6410,13,,
6419,13,,
6439,13,,
6443,13,,
6460,13,,
6479,13,,
6486,13,,
6493,13,,
6494,13,,
6496,13,,
6551,13,,
6570,13,,
6583,13,,
6590,13,,
6605,13,,
6608,13,,
6629,13,,
6654,13,,
6658,13,,
6668,13,,
6689,13,,
6705,13,,
6710,13,,
6769,13,,
6771,13,,
6777,13,,
6787,13,,
6791,13,,
6802,13,,
6824,13,,
6827,13,,
6844,13,,
6853,13,,
6867,13,,
6910,13,,
6911,13,,
6949,13,,
6965,13,,
6966,13,,
6986,13,,
6993,13,,
6994,13,,
7003,13,,
7034,13,,
7056,13,,
7061,13,,
7100,13,,
7104,13,,
7119,13,,
7137,13,,
7140,13,,
7142,13,,
7151,13,,
7167,13,,
7173,13,,
7188,13,,
7194,13,,
7201,13,,
7207,13,,
7213,13,,
7227,13,,
7245,13,,
7262,13,,
7281,13,,
7303,13,,
7313,13,,
7314,13,,
7339,13,,
7370,13,,
7382,13,,
7385,13,,
7400,13,,
7403,13,,
7407,13,,
7420,13,,
7434,13,,
7442,13,,
7474,13,,
7502,13,,
7503,13,,
7504,13,,
7505,13,,
7507,13,,
7508,13,,
7509,13,,
7510,13,,
7511,13,,
7512,13,,
7513,13,,
7514,13,,
7515,13,,
7516,13,,
7517,13,,
7518,13,,
7519,13,,
7520,13,,
7521,13,,
7523,13,,
7524,13,,
7525,13,,
7526,13,,
7527,13,,
7528,13,,
7529,13,,
7530,13,,
7531,13,,
7532,13,,
7533,13,,
7534,13,,
7535,13,,
7536,13,,
7537,13,,
7538,13,,
7539,13,,
7540,13,,
7541,13,,
7543,13,,
7544,13,,
7545,13,,
7547,13,,
7548,13,,
7549,13,,
7550,13,,
7551,13,,
7552,13,,
7554,13,,
7577,13,,
7588,13,,
7593,13,,
7655,13,,
7660,13,,
7674,13,,
7682,13,,
7689,13,,
7732,13,,
7744,13,,
7745,13,,
7841,13,,
7879,13,,
7900,13,,
7901,13,,
7902,13,,
7909,13,,
7910,13,,
7924,13,,
7998,13,,
7999,13,,
8000,13,,
8001,13,,
8002,13,,
8003,13,,
8004,13,,
8005,13,,
8006,13,,
8007,13,,
8008,13,,
8009,13,,
8010,13,,
8012,13,,
8013,13,,
8014,13,,
8015,13,,
8016,13,,
8017,13,,
8018,13,,
8021,13,,
8022,13,,
8023,13,,
8024,13,,
8025,13,,
8026,13,,
8027,13,,
8028,13,,
8029,13,,
8030,13,,
8031,13,,
8032,13,,
8033,13,,
8035,13,,
8036,13,,
8037,13,,
8038,13,,
8039,13,,
8040,13,,
8041,13,,
8043,13,,
8044,13,,
8050,13,,
8051,13,,
8052,13,,
8053,13,,
8055,13,,
8056,13,,
8057,13,,
8058,13,,
8059,13,,
8060,13,,
8061,13,,
8062,13,,
8063,13,,
8064,13,,
8065,13,,
8066,13,,
8067,13,,
8068,13,,
8069,13,,
8070,13,,
8071,13,,
8072,13,,
8073,13,,
8074,13,,
8075,13,,
11093,13,,
11120,13,,
11239,13,,
11726,13,,
11998,13,,
12034,13,,
12045,13,,
12347,13,,
12348,13,,
12447,13,,
12448,13,,
12449,13,,
12474,13,,
12475,13,,
12550,13,,
12551,13,,
12552,13,,
12553,13,,
12554,13,,
12573,13,,
12576,13,,
12578,13,,
12581,13,,
12582,13,,
12584,13,,
12590,13,,
12592,13,,
12601,13,,
12602,13,,
12603,13,,
12604,13,,
12607,13,,
12608,13,,
12609,13,,
12610,13,,
12611,13,,
12612,13,,
12622,13,,
12633,13,,
10365,13,2013,
28726,13,2013,
273,14,,
274,14,,
275,14,,
276,14,,
277,14,,
278,14,,
279,14,,
280,14,,
281,14,,
282,14,,
283,14,,
1775,14,,
5265,14,,
5323,14,,
5450,14,,
5725,14,,
5805,14,,
6061,14,,
6265,14,,
6475,14,,
6906,14,,
6973,14,,
7381,14,,
7489,14,,
7651,14,,
7658,14,,
7661,14,,
7662,14,,
7664,14,,
7666,14,,
7667,14,,
7713,14,,
7785,14,,
7889,14,,
1543,15,,
1544,15,,
1557,15,,
1665,15,,
5483,15,,
5530,15,,
5545,15,,
5814,15,,
5940,15,,
6305,15,,
6499,15,,
6628,15,,
7241,15,,
7439,15,,
13134,15,,
16489,15,,
2635,15,,
4072,15,,
8912,15,,
9261,15,,
9448,15,,
9464,15,,
9503,15,,
9833,15,,
10054,15,,
10271,15,,
10368,15,,
19206,16,2015,
28653,17,,
28654,17,,
28656,17,,
13004,19,,
13008,19,,
13057,19,,
13063,19,,
13075,19,,
13078,19,,
13103,19,,
13120,19,,
13128,19,,
13155,19,,
13161,19,,
13165,19,,
13177,19,,
13189,19,,
13200,19,,
13204,19,,
13219,19,,
13231,19,,
13235,19,,
13251,19,,
13257,19,,
13291,19,,
13315,19,,
13321,19,,
13328,19,,
13334,19,,
13339,19,,
13343,19,,
13348,19,,
13354,19,,
13364,19,,
13383,19,,
13390,19,,
13401,19,,
13408,19,,
13409,19,,
13417,19,,
13421,19,,
13425,19,,
13429,19,,
13434,19,,
13445,19,,
13478,19,,
13491,19,,
13498,19,,
13515,19,,
13534,19,,
13583,19,,
13616,19,,
13623,19,,
13629,19,,
13635,19,,
13636,19,,
13643,19,,
13649,19,,
13652,19,,
13661,19,,
13669,19,,
13672,19,,
13681,19,,
13686,19,,
13689,19,,
13699,19,,
13706,19,,
13717,19,,
13722,19,,
13736,19,,
13742,19,,
13756,19,,
13760,19,,
13767,19,,
13773,19,,
13777,19,,
13782,19,,
13786,19,,
13793,19,,
13797,19,,
13806,19,,
13815,19,,
13844,19,,
13872,19,,
13880,19,,
13886,19,,
13897,19,,
13917,19,,
13920,19,,
13924,19,,
13930,19,,
13933,19,,
13939,19,,
13944,19,,
13949,19,,
13960,19,,
13968,19,,
13973,19,,
13979,19,,
13982,19,,
13985,19,,
13993,19,,
13999,19,,
14006,19,,
14013,19,,
14033,19,,
14061,19,,
14074,19,,
14076,19,,
14083,19,,
14092,19,,
14093,19,,
14103,19,,
14106,19,,
14109,19,,
14115,19,,
14122,19,,
14125,19,,
14136,19,,
14149,19,,
14161,19,,
14217,19,,
14236,19,,
14301,19,,
14302,19,,
14304,19,,
14318,19,,
14329,19,,
14337,19,,
14340,19,,
14341,19,,
14342,19,,
14345,19,,
14348,19,,
14351,19,,
14356,19,,
14360,19,,
14377,19,,
14390,19,,
14400,19,,
14406,19,,
14407,19,,
14417,19,,
14422,19,,
14464,19,,
14471,19,,
14479,19,,
14498,19,,
14510,19,,
14515,19,,
14528,19,,
14534,19,,
14548,19,,
14552,19,,
14554,19,,
14561,19,,
14572,19,,
14581,19,,
14582,19,,
14584,19,,
14599,19,,
14609,19,,
14610,19,,
14621,19,,
14630,19,,
14640,19,,
14644,19,,
14647,19,,
14671,19,,
14683,19,,
14691,19,,
14692,19,,
14693,19,,
14694,19,,
14695,19,,
14696,19,,
14697,19,,
14698,19,,
14699,19,,
14736,19,,
14741,19,,
14753,19,,
14763,19,,
14777,19,,
14788,19,,
14801,19,,
14809,19,,
14814,19,,
14823,19,,
14830,19,,
14835,19,,
14839,19,,
14843,19,,
14847,19,,
14856,19,,
14861,19,,
14864,19,,
14869,19,,
14870,19,,
14899,19,,
14911,19,,
14922,19,,
14997,19,,
15168,19,,
15175,19,,
15185,19,,
15189,19,,
15195,19,,
15206,19,,
15217,19,,
15227,19,,
15245,19,,
15249,19,,
15259,19,,
15279,19,,
15294,19,,
15301,19,,
15311,19,,
15317,19,,
15326,19,,
15334,19,,
15345,19,,
15363,19,,
15392,19,,
15401,19,,
15402,19,,
15405,19,,
15407,19,,
15408,19,,
15410,19,,
15411,19,,
15412,19,,
15413,19,,
15417,19,,
15421,19,,
15429,19,,
15434,19,,
15438,19,,
15442,19,,
15443,19,,
15446,19,,
15448,19,,
15451,19,,
15455,19,,
15459,19,,
15463,19,,
15465,19,,
15488,19,,
15489,19,,
15490,19,,
15491,19,,
15492,19,,
15493,19,,
15494,19,,
15495,19,,
15496,19,,
15497,19,,
15498,19,,
15499,19,,
15500,19,,
15501,19,,
15502,19,,
15503,19,,
15504,19,,
15505,19,,
15506,19,,
15508,19,,
22163,19,,
18498,19,2015,
18499,19,2015,
20831,20,,
29008,21,,
29043,21,,
29044,21,,
19774,22,,
19987,22,,
20479,22,,
20554,22,,
20594,22,,
20595,22,,
20609,22,,
20928,22,,
20929,22,,
20930,22,,
20931,22,,
20932,22,,
20593,23,,
20596,23,,
20597,23,,
20598,23,,
20599,23,,
20600,23,,
20601,23,,
20602,23,,
20603,23,,
13152,24,,
13708,24,,
13864,24,,
14042,24,,
14050,24,,
14052,24,,
14055,24,,
14272,24,,
14427,24,,
14473,24,,
14775,24,,
14890,24,,
14894,24,,
14973,24,,
14977,24,,
15002,24,,
15285,24,,
20650,24,,
20751,24,,
20752,24,,
20753,24,,
20759,24,,
20761,24,,
20762,24,,
20778,24,,
20787,24,,
20789,24,,
25307,24,,
25311,24,,
25329,24,,
25496,24,,
25497,24,,
25498,24,,
25499,24,,
25793,24,,
25794,24,,
16866,24,2015,
16877,24,2015,
17202,24,2015,
5316,24,,
5859,24,,
6205,24,,
6989,24,,
6990,24,,
7113,24,,
7352,24,,
7438,24,,
7498,24,,
7617,24,,
7618,24,,
7663,24,,
7665,24,,
7824,24,,
7938,24,,
9180,25,,
9181,25,,
9182,25,,
13009,25,,
13041,25,,
13093,25,,
13094,25,,
13119,25,,
13195,25,,
13213,25,,
13217,25,,
13228,25,,
13247,25,,
13309,25,,
13311,25,,
13362,25,,
13371,25,,
13382,25,,
13443,25,,
13473,25,,
13474,25,,
13482,25,,
13522,25,,
13545,25,,
13557,25,,
13579,25,,
13628,25,,
13644,25,,
13660,25,,
13747,25,,
13800,25,,
13810,25,,
13859,25,,
13877,25,,
14049,25,,
14067,25,,
14120,25,,
14220,25,,
14313,25,,
14357,25,,
14375,25,,
14392,25,,
14433,25,,
14438,25,,
14484,25,,
14517,25,,
14593,25,,
14606,25,,
14623,25,,
14634,25,,
14740,25,,
14750,25,,
14787,25,,
14866,25,,
14881,25,,
14927,25,,
14954,25,,
14991,25,,
15156,25,,
15296,25,,
15384,25,,
15449,25,,
22803,25,,
22804,25,,
22805,25,,
22810,25,,
22811,25,,
22812,25,,
22815,25,,
22816,25,,
22817,25,,
22827,25,,
22808,25,,
22809,25,,
289,26,,
290,26,,
291,26,,
292,26,,
293,26,,
294,26,,
295,26,,
296,26,,
297,26,,
298,26,,
299,26,,
301,26,,
302,26,,
303,26,,
304,26,,
305,26,,
306,26,,
307,26,,
308,26,,
309,26,,
310,26,,
311,26,,
312,26,,
313,26,,
314,26,,
315,26,,
316,26,,
317,26,,
318,26,,
319,26,,
321,26,,
322,26,,
324,26,,
325,26,,
326,26,,
327,26,,
328,26,,
329,26,,
330,26,,
331,26,,
335,26,,
336,26,,
337,26,,
338,26,,
339,26,,
340,26,,
341,26,,
342,26,,
343,26,,
344,26,,
345,26,,
346,26,,
347,26,,
348,26,,
349,26,,
350,26,,
351,26,,
352,26,,
353,26,,
354,26,,
355,26,,
464,26,,
465,26,,
466,26,,
524,26,,
532,26,,
533,26,,
534,26,,
535,26,,
566,26,,
767,26,,
768,26,,
769,26,,
770,26,,
771,26,,
772,26,,
773,26,,
774,26,,
775,26,,
776,26,,
777,26,,
778,26,,
779,26,,
780,26,,
781,26,,
782,26,,
783,26,,
784,26,,
785,26,,
786,26,,
787,26,,
788,26,,
789,26,,
790,26,,
791,26,,
792,26,,
793,26,,
794,26,,
795,26,,
796,26,,
797,26,,
798,26,,
799,26,,
800,26,,
802,26,,
803,26,,
804,26,,
806,26,,
807,26,,
808,26,,
809,26,,
810,26,,
811,26,,
812,26,,
813,26,,
814,26,,
815,26,,
816,26,,
817,26,,
818,26,,
819,26,,
820,26,,
821,26,,
822,26,,
823,26,,
824,26,,
825,26,,
826,26,,
827,26,,
828,26,,
829,26,,
830,26,,
831,26,,
832,26,,
833,26,,
834,26,,
835,26,,
836,26,,
837,26,,
838,26,,
839,26,,
840,26,,
841,26,,
842,26,,
843,26,,
844,26,,
845,26,,
846,26,,
847,26,,
848,26,,
849,26,,
850,26,,
851,26,,
852,26,,
853,26,,
854,26,,
855,26,,
856,26,,
857,26,,
858,26,,
859,26,,
860,26,,
861,26,,
862,26,,
863,26,,
864,26,,
865,26,,
866,26,,
867,26,,
868,26,,
869,26,,
870,26,,
871,26,,
872,26,,
873,26,,
874,26,,
875,26,,
876,26,,
877,26,,
878,26,,
879,26,,
880,26,,
886,26,,
887,26,,
888,26,,
889,26,,
890,26,,
892,26,,
893,26,,
894,26,,
895,26,,
896,26,,
897,26,,
898,26,,
900,26,,
901,26,,
902,26,,
910,26,,
911,26,,
912,26,,
913,26,,
914,26,,
915,26,,
916,26,,
917,26,,
921,26,,
922,26,,
923,26,,
925,26,,
926,26,,
927,26,,
928,26,,
929,26,,
931,26,,
932,26,,
933,26,,
934,26,,
935,26,,
1712,26,,
1713,26,,
1714,26,,
1715,26,,
1719,26,,
1720,26,,
1723,26,,
1725,26,,
1726,26,,
1727,26,,
1728,26,,
1732,26,,
1734,26,,
1735,26,,
1738,26,,
1739,26,,
1741,26,,
1743,26,,
1744,26,,
1745,26,,
1747,26,,
1749,26,,
1750,26,,
1751,26,,
1752,26,,
1753,26,,
1755,26,,
1756,26,,
1759,26,,
1760,26,,
1769,26,,
1774,26,,
1850,26,,
2765,26,,
3543,26,,
3852,26,,
4314,26,,
4317,26,,
4318,26,,
4346,26,,
4396,26,,
4397,26,,
4409,26,,
4415,26,,
4458,26,,
4459,26,,
4479,26,,
4480,26,,
4497,26,,
4498,26,,
4499,26,,
4500,26,,
4527,26,,
4528,26,,
4533,26,,
4534,26,,
4535,26,,
4541,26,,
4542,26,,
4543,26,,
4544,26,,
4545,26,,
4554,26,,
4555,26,,
4561,26,,
4564,26,,
4882,26,,
4883,26,,
4884,26,,
4885,26,,
4886,26,,
4887,26,,
4888,26,,
4889,26,,
4890,26,,
4891,26,,
4892,26,,
4893,26,,
4894,26,,
4895,26,,
4896,26,,
4897,26,,
4898,26,,
4899,26,,
4900,26,,
4901,26,,
4902,26,,
4903,26,,
4904,26,,
4905,26,,
4906,26,,
4907,26,,
4908,26,,
4909,26,,
4910,26,,
4911,26,,
4912,26,,
4913,26,,
4914,26,,
4915,26,,
4916,26,,
4917,26,,
4918,26,,
4919,26,,
4920,26,,
4921,26,,
4922,26,,
4923,26,,
4924,26,,
4925,26,,
4926,26,,
4927,26,,
4928,26,,
4929,26,,
4930,26,,
4931,26,,
4932,26,,
4933,26,,
4934,26,,
4939,26,,
4940,26,,
4941,26,,
4942,26,,
4943,26,,
4944,26,,
4945,26,,
4946,26,,
4947,26,,
4948,26,,
4949,26,,
4950,26,,
4951,26,,
4952,26,,
4953,26,,
4954,26,,
4955,26,,
4956,26,,
4957,26,,
4958,26,,
4959,26,,
4960,26,,
4961,26,,
4962,26,,
4963,26,,
4964,26,,
4966,26,,
4967,26,,
4968,26,,
4969,26,,
4970,26,,
4971,26,,
4972,26,,
4973,26,,
4974,26,,
4977,26,,
4978,26,,
4979,26,,
4980,26,,
4981,26,,
4982,26,,
4983,26,,
4985,26,,
4986,26,,
4987,26,,
4988,26,,
4989,26,,
4990,26,,
4991,26,,
4992,26,,
4993,26,,
4994,26,,
4995,26,,
4996,26,,
4997,26,,
4998,26,,
4999,26,,
5000,26,,
5001,26,,
5002,26,,
5003,26,,
5004,26,,
5005,26,,
5006,26,,
5007,26,,
5008,26,,
5009,26,,
5010,26,,
5011,26,,
5012,26,,
5013,26,,
5014,26,,
5015,26,,
5016,26,,
5017,26,,
5018,26,,
5019,26,,
5020,26,,
5021,26,,
5022,26,,
5023,26,,
5024,26,,
5025,26,,
5026,26,,
5027,26,,
5028,26,,
5029,26,,
5030,26,,
5031,26,,
5032,26,,
5033,26,,
5034,26,,
5035,26,,
5036,26,,
5037,26,,
5038,26,,
5039,26,,
5040,26,,
5041,26,,
5042,26,,
5043,26,,
5044,26,,
5045,26,,
5046,26,,
5047,26,,
5048,26,,
5049,26,,
5051,26,,
5052,26,,
5053,26,,
5054,26,,
5055,26,,
5056,26,,
5057,26,,
5058,26,,
5059,26,,
5060,26,,
5062,26,,
5063,26,,
5064,26,,
5065,26,,
5066,26,,
5067,26,,
5068,26,,
5069,26,,
5070,26,,
5071,26,,
5072,26,,
5073,26,,
5074,26,,
5075,26,,
5076,26,,
5077,26,,
5078,26,,
5079,26,,
5080,26,,
5081,26,,
5082,26,,
5083,26,,
5084,26,,
5085,26,,
5086,26,,
5087,26,,
5088,26,,
5089,26,,
5093,26,,
5094,26,,
5095,26,,
5096,26,,
5097,26,,
5098,26,,
5099,26,,
5100,26,,
5101,26,,
5102,26,,
5103,26,,
5104,26,,
5105,26,,
5106,26,,
5107,26,,
5125,26,,
5126,26,,
5127,26,,
5128,26,,
5129,26,,
5130,26,,
7947,26,,
7669,26,2013,
19211,26,2015,
13018,26,,
13024,26,,
13031,26,,
13042,26,,
13058,26,,
13070,26,,
13071,26,,
13083,26,,
13111,26,,
13114,26,,
13124,26,,
13126,26,,
13140,26,,
13159,26,,
13160,26,,
13191,26,,
13192,26,,
13206,26,,
13222,26,,
13233,26,,
13234,26,,
13241,26,,
13253,26,,
13255,26,,
13256,26,,
13266,26,,
13272,26,,
13279,26,,
13294,26,,
13308,26,,
13319,26,,
13327,26,,
13330,26,,
13336,26,,
13341,26,,
13344,26,,
13349,26,,
13353,26,,
13366,26,,
13375,26,,
13389,26,,
13396,26,,
13404,26,,
13405,26,,
13412,26,,
13414,26,,
13415,26,,
13423,26,,
13427,26,,
13432,26,,
13439,26,,
13480,26,,
13492,26,,
13502,26,,
13529,26,,
13595,26,,
13613,26,,
13614,26,,
13619,26,,
13620,26,,
13640,26,,
13647,26,,
13648,26,,
13663,26,,
13666,26,,
13675,26,,
13680,26,,
13694,26,,
13696,26,,
13718,26,,
13731,26,,
13735,26,,
13741,26,,
13750,26,,
13755,26,,
13757,26,,
13761,26,,
13769,26,,
13774,26,,
13783,26,,
13787,26,,
13795,26,,
13802,26,,
13804,26,,
13822,26,,
13828,26,,
13867,26,,
13874,26,,
13893,26,,
13901,26,,
13921,26,,
13922,26,,
13932,26,,
13936,26,,
13937,26,,
13948,26,,
13951,26,,
13952,26,,
13976,26,,
13983,26,,
13991,26,,
13996,26,,
13998,26,,
14003,26,,
14011,26,,
14027,26,,
14062,26,,
14063,26,,
14081,26,,
14091,26,,
14102,26,,
14105,26,,
14112,26,,
14118,26,,
14119,26,,
14143,26,,
14150,26,,
14152,26,,
14153,26,,
14156,26,,
14157,26,,
14168,26,,
14172,26,,
14180,26,,
14184,26,,
14194,26,,
14196,26,,
14202,26,,
14208,26,,
14213,26,,
14225,26,,
14228,26,,
14231,26,,
14232,26,,
14244,26,,
14251,26,,
14254,26,,
14255,26,,
14259,26,,
14268,26,,
14309,26,,
14328,26,,
14331,26,,
14333,26,,
14334,26,,
14339,26,,
14346,26,,
14353,26,,
14358,26,,
14361,26,,
14366,26,,
14369,26,,
14374,26,,
14380,26,,
14388,26,,
14396,26,,
14404,26,,
14411,26,,
14419,26,,
14469,26,,
14495,26,,
14496,26,,
14524,26,,
14533,26,,
14536,26,,
14542,26,,
14544,26,,
14549,26,,
14558,26,,
14563,26,,
14570,26,,
14577,26,,
14585,26,,
14602,26,,
14614,26,,
14615,26,,
14627,26,,
14638,26,,
14642,26,,
14653,26,,
14659,26,,
14661,26,,
14667,26,,
14670,26,,
14680,26,,
14713,26,,
14717,26,,
14726,26,,
14728,26,,
14739,26,,
14752,26,,
14756,26,,
14767,26,,
14773,26,,
14776,26,,
14784,26,,
14792,26,,
14796,26,,
14813,26,,
14817,26,,
14822,26,,
14826,26,,
14833,26,,
14838,26,,
14842,26,,
14844,26,,
14845,26,,
14846,26,,
14849,26,,
14850,26,,
14865,26,,
14873,26,,
14903,26,,
14907,26,,
14930,26,,
14937,26,,
14976,26,,
14983,26,,
15155,26,,
15157,26,,
15158,26,,
15159,26,,
15160,26,,
15167,26,,
15178,26,,
15182,26,,
15183,26,,
15193,26,,
15198,26,,
15202,26,,
15205,26,,
15209,26,,
15212,26,,
15223,26,,
15231,26,,
15235,26,,
15251,26,,
15253,26,,
15273,26,,
15289,26,,
15290,26,,
15299,26,,
15313,26,,
15329,26,,
15336,26,,
15347,26,,
15350,26,,
15352,26,,
15357,26,,
15365,26,,
15370,26,,
15377,26,,
15378,26,,
15389,26,,
15399,26,,
15400,26,,
15403,26,,
15404,26,,
15406,26,,
15409,26,,
15415,26,,
15416,26,,
15418,26,,
15420,26,,
15427,26,,
15428,26,,
15436,26,,
15437,26,,
15440,26,,
15441,26,,
15445,26,,
15447,26,,
15450,26,,
15453,26,,
15462,26,,
15468,26,,
15469,26,,
15471,26,,
15476,26,,
15477,26,,
15478,26,,
15479,26,,
15480,26,,
15481,26,,
15482,26,,
15483,26,,
15484,26,,
15485,26,,
15486,26,,
15487,26,,
15509,26,,
15526,26,,
544,28,,
562,28,,
1088,28,,
1117,28,,
1284,28,,
1285,28,,
1286,28,,
1287,28,,
1288,28,,
1289,28,,
1290,28,,
1291,28,,
1292,28,,
1293,28,,
1294,28,,
1295,28,,
1296,28,,
1297,28,,
1298,28,,
1299,28,,
1300,28,,
1301,28,,
1302,28,,
1303,28,,
1304,28,,
1305,28,,
1306,28,,
1307,28,,
1308,28,,
1309,28,,
1310,28,,
1311,28,,
1312,28,,
1313,28,,
1317,28,,
1318,28,,
1319,28,,
1320,28,,
1321,28,,
1323,28,,
1326,28,,
1328,28,,
1329,28,,
1330,28,,
1331,28,,
1332,28,,
1337,28,,
1338,28,,
1339,28,,
1340,28,,
1341,28,,
1342,28,,
1345,28,,
1346,28,,
1347,28,,
1348,28,,
1349,28,,
1350,28,,
1351,28,,
1353,28,,
1354,28,,
1355,28,,
1453,28,,
1454,28,,
1455,28,,
1456,28,,
1457,28,,
1458,28,,
1459,28,,
1460,28,,
1461,28,,
1462,28,,
1463,28,,
1464,28,,
1465,28,,
1466,28,,
1467,28,,
1468,28,,
1469,28,,
1470,28,,
1471,28,,
1472,28,,
1473,28,,
1474,28,,
1475,28,,
1476,28,,
1477,28,,
1478,28,,
1479,28,,
1480,28,,
1481,28,,
1482,28,,
1483,28,,
1484,28,,
1485,28,,
1486,28,,
1487,28,,
1488,28,,
1489,28,,
1490,28,,
1491,28,,
1492,28,,
1493,28,,
1494,28,,
1495,28,,
1496,28,,
1497,28,,
1498,28,,
1499,28,,
1500,28,,
1503,28,,
1504,28,,
1505,28,,
1506,28,,
1510,28,,
1511,28,,
1512,28,,
1513,28,,
1514,28,,
1516,28,,
1517,28,,
1518,28,,
1519,28,,
1521,28,,
1523,28,,
1524,28,,
1530,28,,
1535,28,,
1690,28,,
1717,28,,
1762,28,,
1763,28,,
1933,28,,
8078,28,,
8084,28,,
9409,28,,
11829,28,,
11830,28,,
12212,28,,
13002,28,,
13011,28,,
13021,28,,
13022,28,,
13028,28,,
13034,28,,
13037,28,,
13045,28,,
13051,28,,
13055,28,,
13062,28,,
13074,28,,
13079,28,,
13086,28,,
13095,28,,
13098,28,,
13109,28,,
13110,28,,
13113,28,,
13121,28,,
13125,28,,
13135,28,,
13138,28,,
13153,28,,
13166,28,,
13168,28,,
13174,28,,
13185,28,,
13188,28,,
13190,28,,
13198,28,,
13209,28,,
13215,28,,
13220,28,,
13239,28,,
13252,28,,
13258,28,,
13263,28,,
13264,28,,
13273,28,,
13274,28,,
13278,28,,
13281,28,,
13282,28,,
13284,28,,
13286,28,,
13295,28,,
13297,28,,
13299,28,,
13304,28,,
13305,28,,
13312,28,,
13316,28,,
13317,28,,
13324,28,,
13329,28,,
13332,28,,
13340,28,,
13346,28,,
13350,28,,
13363,28,,
13368,28,,
13376,28,,
13387,28,,
13398,28,,
13403,28,,
13406,28,,
13411,28,,
13419,28,,
13420,28,,
13426,28,,
13428,28,,
13431,28,,
13438,28,,
13444,28,,
13447,28,,
13455,28,,
13470,28,,
13479,28,,
13486,28,,
13497,28,,
13499,28,,
13504,28,,
13505,28,,
13521,28,,
13526,28,,
13527,28,,
13548,28,,
13554,28,,
13559,28,,
13561,28,,
13563,28,,
13571,28,,
13573,28,,
13584,28,,
13611,28,,
13617,28,,
13625,28,,
13630,28,,
13651,28,,
13659,28,,
13670,28,,
13671,28,,
13677,28,,
13678,28,,
13683,28,,
13685,28,,
13691,28,,
13697,28,,
13702,28,,
13711,28,,
13712,28,,
13715,28,,
13721,28,,
13724,28,,
13725,28,,
13733,28,,
13737,28,,
13738,28,,
13748,28,,
13759,28,,
13763,28,,
13768,28,,
13772,28,,
13779,28,,
13780,28,,
13788,28,,
13794,28,,
13799,28,,
13813,28,,
13816,28,,
13817,28,,
13818,28,,
13847,28,,
13850,28,,
13855,28,,
13856,28,,
13862,28,,
13871,28,,
13876,28,,
13888,28,,
13892,28,,
13899,28,,
13900,28,,
13902,28,,
13909,28,,
13913,28,,
13916,28,,
13926,28,,
13931,28,,
13934,28,,
13941,28,,
13943,28,,
13945,28,,
13954,28,,
13959,28,,
13963,28,,
13992,28,,
14001,28,,
14012,28,,
14017,28,,
14022,28,,
14025,28,,
14028,28,,
14038,28,,
14059,28,,
14070,28,,
14075,28,,
14079,28,,
14082,28,,
14084,28,,
14100,28,,
14110,28,,
14116,28,,
14140,28,,
14141,28,,
14146,28,,
14166,28,,
14170,28,,
14179,28,,
14181,28,,
14183,28,,
14186,28,,
14187,28,,
14190,28,,
14195,28,,
14198,28,,
14200,28,,
14204,28,,
14205,28,,
14207,28,,
14210,28,,
14219,28,,
14224,28,,
14230,28,,
14242,28,,
14243,28,,
14250,28,,
14253,28,,
14258,28,,
14260,28,,
14267,28,,
14285,28,,
14290,28,,
14322,28,,
14323,28,,
14324,28,,
14335,28,,
14336,28,,
14349,28,,
14350,28,,
14354,28,,
14362,28,,
14373,28,,
14378,28,,
14391,28,,
14399,28,,
14409,28,,
14416,28,,
14440,28,,
14442,28,,
14447,28,,
14456,28,,
14462,28,,
14476,28,,
14478,28,,
14482,28,,
14494,28,,
14502,28,,
14505,28,,
14507,28,,
14511,28,,
14512,28,,
14514,28,,
14518,28,,
14525,28,,
14530,28,,
14539,28,,
14546,28,,
14551,28,,
14555,28,,
14576,28,,
14580,28,,
14586,28,,
14591,28,,
14600,28,,
14612,28,,
14622,28,,
14626,28,,
14631,28,,
14635,28,,
14641,28,,
14645,28,,
14651,28,,
14656,28,,
14666,28,,
14688,28,,
14722,28,,
14724,28,,
14730,28,,
14737,28,,
14743,28,,
14755,28,,
14759,28,,
14772,28,,
14782,28,,
14790,28,,
14803,28,,
14810,28,,
14812,28,,
14816,28,,
14821,28,,
14825,28,,
14827,28,,
14829,28,,
14831,28,,
14836,28,,
14841,28,,
14858,28,,
14871,28,,
14879,28,,
14882,28,,
14895,28,,
14896,28,,
14897,28,,
14901,28,,
14916,28,,
14918,28,,
14923,28,,
14926,28,,
14942,28,,
14965,28,,
14966,28,,
14986,28,,
14996,28,,
14999,28,,
15170,28,,
15180,28,,
15200,28,,
15222,28,,
15226,28,,
15238,28,,
15242,28,,
15243,28,,
15247,28,,
15252,28,,
15256,28,,
15257,28,,
15267,28,,
15269,28,,
15275,28,,
15281,28,,
15283,28,,
15297,28,,
15305,28,,
15307,28,,
15314,28,,
15322,28,,
15331,28,,
15339,28,,
15340,28,,
15349,28,,
15359,28,,
15362,28,,
15376,28,,
15388,28,,
15396,28,,
15397,28,,
15425,28,,
15426,28,,
15431,28,,
15439,28,,
15461,28,,
15467,28,,
15473,28,,
15507,28,,
15521,28,,
16832,28,,
17510,28,,
3025,28,2013,
3150,28,2013,
3373,28,2013,
3702,28,2013,
4414,28,2013,
4529,28,2013,
4530,28,2013,
7123,28,2013,
7246,28,2013,
7338,28,2013,
16129,28,2015,
17610,28,2015,
18384,28,2015,
18800,28,2015,
18847,28,2015,
18793,28,2015,
10530,28,,
15382,28,,
439,29,,
440,29,,
441,29,,
442,29,,
443,29,,
444,29,,
445,29,,
446,29,,
447,29,,
448,29,,
449,29,,
450,29,,
451,29,,
452,29,,
453,29,,
454,29,,
455,29,,
456,29,,
457,29,,
458,29,,
459,29,,
460,29,,
461,29,,
462,29,,
526,29,,
538,29,,
543,29,,
1071,29,,
1520,29,,
1534,29,,
5140,29,,
5142,29,,
5146,29,,
5147,29,,
7973,29,,
8049,29,,
13059,29,,
13318,29,,
13440,29,,
13463,29,,
13537,29,,
13565,29,,
13587,29,,
13602,29,,
14281,29,,
14286,29,,
14303,29,,
14306,29,,
14325,29,,
14460,29,,
14461,29,,
14493,29,,
14513,29,,
14523,29,,
14811,29,,
14885,29,,
14931,29,,
14952,29,,
14953,29,,
14959,29,,
14960,29,,
14961,29,,
14962,29,,
15004,29,,
15023,29,,
15210,29,,
19579,29,,
19580,29,,
19581,29,,
19582,29,,
19696,29,,
19825,29,,
20196,29,,
20561,29,,
20608,29,,
20671,29,,
20681,29,,
20705,29,,
20723,29,,
20724,29,,
20745,29,,
20746,29,,
20884,29,,
20885,29,,
20887,29,,
20888,29,,
20889,29,,
20890,29,,
20891,29,,
20892,29,,
20893,29,,
20894,29,,
20895,29,,
20896,29,,
20897,29,,
20898,29,,
20901,29,,
20902,29,,
20903,29,,
20904,29,,
20905,29,,
20906,29,,
20907,29,,
20908,29,,
20909,29,,
20910,29,,
20911,29,,
20913,29,,
20914,29,,
20915,29,,
20916,29,,
20917,29,,
20918,29,,
20921,29,,
20922,29,,
20923,29,,
21431,29,,
21432,29,,
21434,29,,
21435,29,,
21438,29,,
21439,29,,
21440,29,,
21441,29,,
21442,29,,
21443,29,,
21444,29,,
21445,29,,
21446,29,,
21447,29,,
21768,29,,
21774,29,,
21779,29,,
21811,29,,
21812,29,,
21815,29,,
21823,29,,
21824,29,,
21825,29,,
21833,29,,
21854,29,,
21855,29,,
21960,29,,
22029,29,,
22048,29,,
22950,29,,
28512,29,,
2155,29,2010,
2156,29,2010,
2158,29,2010,
2187,29,2010,
2211,29,2010,
2443,29,2010,
2529,29,2010,
2531,29,2010,
2866,29,2010,
2906,29,2010,
3349,29,2010,
3455,29,2010,
3465,29,2010,
3589,29,2010,
3596,29,2010,
3895,29,2010,
3896,29,2010,
3897,29,2010,
3959,29,2010,
3987,29,2010,
3993,29,2010,
3997,29,2010,
3998,29,2010,
4017,29,2010,
4060,29,2010,
4208,29,2010,
4235,29,2010,
4278,29,2010,
4279,29,2010,
4382,29,2010,
4383,29,2010,
4593,29,2010,
5109,29,2010,
5110,29,2010,
5111,29,2010,
5112,29,2010,
5113,29,2010,
5114,29,2010,
5115,29,2010,
4379,29,2013,
12712,29,2013,
12713,29,2013,
12714,29,2013,
12715,29,2013,
12716,29,2013,
12717,29,2013,
12718,29,2013,
12719,29,2013,
12720,29,2013,
12721,29,2013,
12722,29,2013,
12723,29,2013,
12724,29,2013,
12725,29,2013,
12726,29,2013,
12727,29,2013,
12728,29,2013,
12729,29,2013,
12730,29,2013,
12731,29,2013,
12732,29,2013,
12733,29,2013,
12734,29,2013,
12735,29,2013,
12736,29,2013,
12737,29,2013,
12738,29,2013,
12739,29,2013,
12740,29,2013,
12741,29,2013,
12742,29,2013,
12743,29,2013,
12744,29,2013,
12745,29,2013,
12746,29,2013,
12747,29,2013,
12748,29,2013,
12749,29,2013,
12750,29,2013,
12752,29,2013,
12753,29,2013,
12754,29,2013,
12755,29,2013,
12756,29,2013,
12757,29,2013,
12758,29,2013,
12759,29,2013,
12760,29,2013,
12761,29,2013,
12762,29,2013,
12764,29,2013,
12765,29,2013,
12766,29,2013,
12767,29,2013,
12768,29,2013,
12770,29,2013,
12771,29,2013,
12772,29,2013,
12773,29,2013,
12774,29,2013,
12775,29,2013,
12777,29,2013,
12778,29,2013,
12779,29,2013,
12780,29,2013,
12781,29,2013,
12782,29,2013,
12783,29,2013,
12784,29,2013,
12785,29,2013,
12786,29,2013,
12787,29,2013,
12788,29,2013,
12789,29,2013,
12790,29,2013,
12791,29,2013,
12792,29,2013,
12793,29,2013,
12794,29,2013,
12795,29,2013,
12798,29,2013,
12799,29,2013,
12800,29,2013,
12802,29,2013,
12803,29,2013,
12804,29,2013,
12805,29,2013,
12806,29,2013,
12807,29,2013,
12808,29,2013,
12809,29,2013,
12810,29,2013,
12811,29,2013,
12812,29,2013,
12813,29,2013,
12814,29,2013,
12815,29,2013,
12816,29,2013,
12817,29,2013,
12818,29,2013,
12819,29,2013,
12820,29,2013,
12821,29,2013,
12823,29,2013,
12824,29,2013,
12825,29,2013,
12826,29,2013,
12831,29,2013,
12832,29,2013,
12833,29,2013,
12834,29,2013,
12835,29,2013,
12836,29,2013,
12837,29,2013,
12838,29,2013,
12839,29,2013,
12840,29,2013,
12841,29,2013,
12842,29,2013,
12843,29,2013,
12844,29,2013,
12845,29,2013,
12846,29,2013,
12847,29,2013,
12848,29,2013,
12849,29,2013,
12850,29,2013,
12851,29,2013,
12852,29,2013,
12853,29,2013,
12854,29,2013,
12855,29,2013,
12856,29,2013,
12857,29,2013,
12858,29,2013,
12859,29,2013,
12860,29,2013,
12861,29,2013,
12862,29,2013,
12863,29,2013,
12865,29,2013,
12866,29,2013,
12867,29,2013,
12868,29,2013,
12869,29,2013,
12870,29,2013,
12871,29,2013,
12872,29,2013,
12873,29,2013,
12874,29,2013,
12875,29,2013,
12876,29,2013,
12877,29,2013,
12878,29,2013,
12879,29,2013,
12880,29,2013,
12881,29,2013,
12884,29,2013,
12885,29,2013,
12886,29,2013,
12887,29,2013,
12888,29,2013,
12889,29,2013,
12890,29,2013,
12891,29,2013,
12893,29,2013,
12894,29,2013,
12895,29,2013,
12896,29,2013,
12897,29,2013,
12898,29,2013,
12899,29,2013,
12900,29,2013,
12904,29,2013,
12905,29,2013,
12906,29,2013,
12908,29,2013,
12913,29,2013,
12914,29,2013,
12915,29,2013,
12916,29,2013,
12917,29,2013,
12918,29,2013,
12919,29,2013,
12920,29,2013,
12921,29,2013,
12922,29,2013,
12923,29,2013,
12924,29,2013,
12928,29,2013,
12929,29,2013,
12930,29,2013,
12931,29,2013,
12932,29,2013,
12933,29,2013,
12934,29,2013,
12935,29,2013,
12936,29,2013,
12937,29,2013,
12938,29,2013,
12939,29,2013,
12940,29,2013,
12941,29,2013,
12942,29,2013,
12943,29,2013,
12944,29,2013,
12945,29,2013,
12946,29,2013,
12947,29,2013,
12948,29,2013,
12949,29,2013,
12950,29,2013,
12951,29,2013,
12953,29,2013,
12954,29,2013,
12955,29,2013,
12956,29,2013,
12957,29,2013,
12958,29,2013,
12959,29,2013,
12960,29,2013,
12961,29,2013,
12962,29,2013,
12963,29,2013,
12964,29,2013,
12965,29,2013,
12966,29,2013,
12967,29,2013,
12968,29,2013,
12969,29,2013,
12970,29,2013,
12971,29,2013,
12972,29,2013,
12973,29,2013,
12974,29,2013,
15071,29,2013,
15073,29,2013,
19254,29,2013,
19255,29,2013,
19257,29,2013,
19259,29,2013,
19260,29,2013,
12763,29,2013,
12882,29,2013,
12883,29,2013,
15146,29,2013,
12909,29,2013,"ware"
12910,29,2013,"ware"
12903,29,2013,"ware"
12901,29,2013,"ware"
12902,29,2013,"ware"
6157,29,2014,
10194,29,2014,
15012,29,2014,
15013,29,2014,
15014,29,2014,
15015,29,2014,
15016,29,2014,
15018,29,2014,
15019,29,2014,
15020,29,2014,
15021,29,2014,
15022,29,2014,
15030,29,2014,
15031,29,2014,
15032,29,2014,
15045,29,2014,
15046,29,2014,
15047,29,2014,
15048,29,2014,
15049,29,2014,
15050,29,2014,
15051,29,2014,
15052,29,2014,
15053,29,2014,
15054,29,2014,
15055,29,2014,
15056,29,2014,
15057,29,2014,
15058,29,2014,
15059,29,2014,
15060,29,2014,
15061,29,2014,
15062,29,2014,
15063,29,2014,
15064,29,2014,
15065,29,2014,
15066,29,2014,
15067,29,2014,
15068,29,2014,
15069,29,2014,
15070,29,2014,
15072,29,2014,
15074,29,2014,
15075,29,2014,
15076,29,2014,
15077,29,2014,
15078,29,2014,
15079,29,2014,
15080,29,2014,
15081,29,2014,
15082,29,2014,
15083,29,2014,
15084,29,2014,
15085,29,2014,
15086,29,2014,
15087,29,2014,
15088,29,2014,
15089,29,2014,
15090,29,2014,
15091,29,2014,
15092,29,2014,
15094,29,2014,
15095,29,2014,
15096,29,2014,
15097,29,2014,
15098,29,2014,
15101,29,2014,
15107,29,2014,
15108,29,2014,
15109,29,2014,
15110,29,2014,
15111,29,2014,
15112,29,2014,
15113,29,2014,
15114,29,2014,
15115,29,2014,
15116,29,2014,
15117,29,2014,
15118,29,2014,
15119,29,2014,
15120,29,2014,
15121,29,2014,
15122,29,2014,
15123,29,2014,
15124,29,2014,
15127,29,2014,
15128,29,2014,
15129,29,2014,
15130,29,2014,
15131,29,2014,
15132,29,2014,
15133,29,2014,
15134,29,2014,
15135,29,2014,
15136,29,2014,
15137,29,2014,
15138,29,2014,
15139,29,2014,
15140,29,2014,
15141,29,2014,
15142,29,2014,
15143,29,2014,
15144,29,2014,
15145,29,2014,
15150,29,2014,
15154,29,2014,
19256,29,2014,
19265,29,2014,
15005,29,2014,"ware"
15006,29,2014,"ware"
15007,29,2014,"ware"
15008,29,2014,"ware"
15009,29,2014,"ware"
15017,29,2014,"ware"
16173,29,2015,
16900,29,2015,
17013,29,2015,
17957,29,2015,
19210,29,2015,
19220,29,2015,
19221,29,2015,
19222,29,2015,
19225,29,2015,
19226,29,2015,
19227,29,2015,
19228,29,2015,
19229,29,2015,
19230,29,2015,
19231,29,2015,
19232,29,2015,
19233,29,2015,
19234,29,2015,
19235,29,2015,
19236,29,2015,
19237,29,2015,
19238,29,2015,
19240,29,2015,
19241,29,2015,
19243,29,2015,
19249,29,2015,
19250,29,2015,
19261,29,2015,
19263,29,2015,
19264,29,2015,
19283,29,2015,
19284,29,2015,
536,28,,"wood identification"
537,28,,"wood identification"
1502,28,,"wood identification"
1525,28,,"wood identification"
1526,28,,"wood identification"
1527,28,,"wood identification"
1528,28,,"wood identification"
1529,28,,"wood identification"
1531,28,,"wood identification"
1536,28,,"wood identification"
1537,28,,"wood identification"
1538,28,,"wood identification"
1539,28,,"wood identification"
1540,28,,"wood identification"
5131,28,,"wood identification"
5134,28,,"wood identification"
5135,28,,"wood identification"
5136,28,,"wood identification"
5137,28,,"wood identification"
5138,28,,"wood identification"
5143,28,,"wood identification"
5144,28,,"wood identification"
5145,28,,"wood identification"
8076,28,,"wood identification"
8077,28,,"wood identification"
8080,28,,"wood identification"
8081,28,,"wood identification"
15011,29,2014,
15024,29,2014,
15025,29,2014,
15026,29,2014,
15027,29,2014,
15028,29,2014,
15029,29,2014,
15037,29,2014,
15038,29,2014,
15039,29,2014,
15040,29,2014,
15041,29,2014,
15042,29,2014,
15043,29,2014,
15100,29,2014,
15244,29,,
15003,29,,
15010,29,2014,
15033,29,2014,
15034,29,2014,
15035,29,2014,
15036,29,2014,
15102,29,2014,
15103,29,2014,
15104,29,2014,
15105,29,2014,
15125,29,2014,
15126,29,2014,
